Video Tag,Clip Id,Person Id,Person Global Id,Perceived Race,Perceived Gender,Skin Color
aJKL0ahn1Dk,1,0,0,W,F,#e4a9ad
aJKL0ahn1Dk,2,4,0,W,F,#c88a92
UpFG5ZK62XM,2,4,0,W,F,#be866f
UpFG5ZK62XM,3,3,0,W,F,#c5917c
UpFG5ZK62XM,4,4,0,W,F,#cb9185
Zwf-fZdgtYA,1,6,0,W,F,#ca8566
aJKL0ahn1Dk,1,1,1,M,F,#a36f73
aJKL0ahn1Dk,2,0,1,M,F,#9a6a73
ngITkMvWuq8,3,2,10,W,F,#ce7b6b
ngITkMvWuq8,3,3,11,M,M,#814231
ngITkMvWuq8,3,4,12,W,M,#b85f5b
ngITkMvWuq8,3,5,13,W,F,#cf8d7f
ngITkMvWuq8,3,6,14,W,M,#d79094
ngITkMvWuq8,3,8,15,W,F,#b86e51
ngITkMvWuq8,3,10,16,W,F,#e38778
ngITkMvWuq8,3,11,17,W,F,#d4826d
Uh00UIl7-bo,1,0,18,W,M,#a77a91
Uh00UIl7-bo,1,1,19,W,M,#b1757b
aJKL0ahn1Dk,1,2,2,W,M,#a97b86
aJKL0ahn1Dk,2,1,2,W,M,#c07f97
Uh00UIl7-bo,1,2,20,B,F,#845156
Uh00UIl7-bo,1,3,21,M,F,#804b51
Uh00UIl7-bo,1,4,22,B,F,#613a3b
Uh00UIl7-bo,1,5,23,B,M,#3e1b1f
Uh00UIl7-bo,1,6,24,B,M,#4b2735
Uh00UIl7-bo,1,7,25,W,M,#91676b
Uh00UIl7-bo,1,8,26,W,M,#966970
Uh00UIl7-bo,1,9,27,W,F,#b0797e
Uh00UIl7-bo,1,10,28,W,F,#c59aa5
Uh00UIl7-bo,1,11,29,W,F,#b08585
aJKL0ahn1Dk,1,3,3,W,M,#814552
aJKL0ahn1Dk,2,3,3,W,M,#b5727d
Uh00UIl7-bo,1,12,30,W,F,#c88c8e
Uh00UIl7-bo,1,13,31,M,M,#b38285
Uh00UIl7-bo,1,14,32,W,F,#835852
Ul53TVUR4NM,1,0,33,W,M,#9f7873
Ul53TVUR4NM,2,6,33,W,M,#9d7470
Ul53TVUR4NM,3,9,33,W,M,#bb8c86
Ul53TVUR4NM,4,0,33,W,M,#937168
Ul53TVUR4NM,5,6,33,W,M,#b18383
Ul53TVUR4NM,1,1,34,W,F,#aa7d77
Ul53TVUR4NM,2,7,34,W,F,#a07b72
Ul53TVUR4NM,3,10,34,W,F,#c89991
Ul53TVUR4NM,4,1,34,W,F,#94716b
Ul53TVUR4NM,5,7,34,W,F,#b4887f
Ul53TVUR4NM,1,2,35,B,M,#724d47
Ul53TVUR4NM,2,3,35,B,M,#604242
Ul53TVUR4NM,5,3,35,B,M,#5a3d3c
Ul53TVUR4NM,7,5,35,B,M,#533535
Ul53TVUR4NM,8,0,35,B,M,#6e4646
Ul53TVUR4NM,9,0,35,B,M,#563226
Ul53TVUR4NM,1,3,36,W,F,#ae8b85
Ul53TVUR4NM,6,3,36,W,F,#9a7879
Ul53TVUR4NM,7,0,36,W,F,#c8969c
Ul53TVUR4NM,1,4,37,B,F,#7f5a54
Ul53TVUR4NM,7,6,37,B,F,#533432
Ul53TVUR4NM,8,1,37,B,F,#3b2626
Ul53TVUR4NM,9,3,37,B,F,#502e25
Ul53TVUR4NM,1,5,38,W,F,#966e66
Ul53TVUR4NM,10,4,38,W,F,#a27673
Ul53TVUR4NM,7,7,38,W,F,#a97d7e
Ul53TVUR4NM,1,6,39,M,M,#b48980
Ul53TVUR4NM,5,4,39,M,M,#9f6f6b
Ul53TVUR4NM,6,0,39,M,M,#aa837c
Ul53TVUR4NM,7,1,39,M,M,#ac7f79
aJKL0ahn1Dk,1,4,4,W,M,#946174
aJKL0ahn1Dk,2,2,4,W,M,#a86973
Ul53TVUR4NM,1,7,40,B,F,#87594e
Ul53TVUR4NM,10,0,40,B,F,#56382e
Ul53TVUR4NM,11,1,40,B,F,#5d3734
Ul53TVUR4NM,2,4,40,B,F,#91645a
Ul53TVUR4NM,7,8,40,B,F,#83534f
Ul53TVUR4NM,1,8,41,B,F,#916153
Ul53TVUR4NM,10,3,41,B,F,#774d3d
Ul53TVUR4NM,11,4,41,B,F,#5c3526
Ul53TVUR4NM,2,5,41,B,F,#6c4943
Ul53TVUR4NM,3,1,41,B,F,#643428
Ul53TVUR4NM,4,2,41,B,F,#7a4c35
Ul53TVUR4NM,5,5,41,B,F,#6e4330
Ul53TVUR4NM,7,9,41,B,F,#6c443c
Ul53TVUR4NM,1,9,42,W,M,#b18989
Ul53TVUR4NM,10,2,42,W,M,#b3817a
Ul53TVUR4NM,11,5,42,W,M,#af7a76
Ul53TVUR4NM,2,0,42,W,M,#ac8283
Ul53TVUR4NM,3,0,42,W,M,#aa6f61
Ul53TVUR4NM,5,0,42,W,M,#b38784
Ul53TVUR4NM,7,2,42,W,M,#ab8485
Ul53TVUR4NM,1,10,43,B,M,#4f322c
Ul53TVUR4NM,10,1,43,B,M,#6e463e
Ul53TVUR4NM,11,0,43,B,M,#5b362e
Ul53TVUR4NM,2,1,43,B,M,#4a2b29
Ul53TVUR4NM,3,11,43,B,M,#6d4543
Ul53TVUR4NM,5,1,43,B,M,#5d3535
Ul53TVUR4NM,7,3,43,B,M,#5e3834
Ul53TVUR4NM,1,11,44,W,M,#ab8882
Ul53TVUR4NM,2,2,44,W,M,#80615e
Ul53TVUR4NM,5,2,44,W,M,#af898a
Ul53TVUR4NM,7,4,44,W,M,#b28c8b
Ul53TVUR4NM,11,3,45,B,M,#5c3628
Ul53TVUR4NM,3,2,45,B,M,#723d1f
Ul53TVUR4NM,3,3,46,W,F,#c48979
Ul53TVUR4NM,3,4,47,W,F,#a17072
Ul53TVUR4NM,3,5,48,W,M,#aa7c6c
Ul53TVUR4NM,3,6,49,W,M,#a97466
Bqb2wT_eP_4,1,0,5,W,F,#d28267
Bqb2wT_eP_4,2,3,5,W,F,#b57257
Bqb2wT_eP_4,3,1,5,W,F,#b6735a
Ul53TVUR4NM,3,7,50,W,M,#b17769
Ul53TVUR4NM,3,8,51,M,F,#915e54
Ul53TVUR4NM,3,12,52,B,F,#2f1717
Ul53TVUR4NM,6,1,53,W,M,#b7887e
Ul53TVUR4NM,6,2,54,W,F,#cfac96
Ul53TVUR4NM,8,2,55,B,F,#926149
Ul53TVUR4NM,9,1,55,B,F,#673d25
Ul53TVUR4NM,8,3,56,B,F,#4e311f
Ul53TVUR4NM,8,4,57,B,F,#8b5e41
Ul53TVUR4NM,8,5,58,B,M,#664029
Ul53TVUR4NM,9,2,58,B,M,#573229
Ul53TVUR4NM,8,6,59,B,M,#7a4f3f
Bqb2wT_eP_4,1,1,6,W,F,#e49874
Bqb2wT_eP_4,2,1,6,W,F,#e6976e
Bqb2wT_eP_4,3,0,6,W,F,#c27d5e
ngITkMvWuq8,1,0,6,W,F,#eda28f
ngITkMvWuq8,2,1,6,W,F,#f7a494
ngITkMvWuq8,3,1,6,W,F,#e99b8f
uLpLviZ4Hc4,1,0,6,W,F,#c38d8d
UpFG5ZK62XM,2,2,6,W,F,#c4a68a
UpFG5ZK62XM,4,3,6,W,F,#ce9e87
VKg82m-RaQM,1,2,6,W,F,#e1a195
Ul53TVUR4NM,9,4,60,B,F,#624442
Ul53TVUR4NM,9,5,61,B,M,#5b3630
Ul53TVUR4NM,11,2,62,B,F,#5b3123
Ul53TVUR4NM,11,6,63,B,F,#33150a
Ul53TVUR4NM,11,7,64,B,M,#714830
uLpLviZ4Hc4,1,1,65,M,F,#d5968f
uLpLviZ4Hc4,2,2,65,M,F,#d58b8c
VKg82m-RaQM,1,1,65,M,F,#cd8f7c
uLpLviZ4Hc4,1,2,66,W,F,#dca1a5
uLpLviZ4Hc4,2,0,66,W,F,#d09494
UpFG5ZK62XM,1,1,67,M,M,#8a526b
UpFG5ZK62XM,2,1,67,M,M,#925368
UpFG5ZK62XM,3,0,67,M,M,#7f505a
UpFG5ZK62XM,4,0,67,M,M,#965978
UpFG5ZK62XM,4,5,68,B,M,#4b2522
UpFG5ZK62XM,4,6,69,W,M,#845d58
Bqb2wT_eP_4,1,2,7,W,M,#e48972
Bqb2wT_eP_4,2,0,7,W,M,#f29171
ngITkMvWuq8,2,0,7,W,M,#db8e81
ngITkMvWuq8,3,9,7,W,M,#e68b80
UpFG5ZK62XM,2,3,7,W,M,#966255
UpFG5ZK62XM,3,2,7,W,M,#c27a6e
UpFG5ZK62XM,4,1,7,W,M,#97594c
VKg82m-RaQM,1,0,7,W,M,#b26864
Zwf-fZdgtYA,1,0,70,W,M,#be8863
Zwf-fZdgtYA,1,1,71,W,F,#c5986e
Zwf-fZdgtYA,1,2,72,W,M,#c79967
Zwf-fZdgtYA,1,3,73,W,M,#cea469
Zwf-fZdgtYA,1,4,74,M,M,#c2896b
Zwf-fZdgtYA,1,5,75,W,M,#e29c7a
Zwf-fZdgtYA,1,7,76,W,F,#d78b51
Zwf-fZdgtYA,1,8,77,M,F,#d28c50
Bqb2wT_eP_4,1,3,8,W,M,#cf886c
Bqb2wT_eP_4,2,2,8,W,M,#d4876b
ngITkMvWuq8,2,2,8,W,M,#d38676
ngITkMvWuq8,3,7,8,W,M,#ce7876
uLpLviZ4Hc4,2,1,8,W,M,#b6777f
UpFG5ZK62XM,1,0,8,W,M,#ab7366
UpFG5ZK62XM,2,0,8,W,M,#ae756e
UpFG5ZK62XM,3,1,8,W,M,#c07f76
UpFG5ZK62XM,4,2,8,W,M,#e6968b
ngITkMvWuq8,1,1,9,W,M,#d29497
ngITkMvWuq8,2,3,9,W,M,#e29290
ngITkMvWuq8,3,0,9,W,M,#db9d9e
